종목명,구분,코드,채권그룹,날짜(당일),3월이하(당일),6월이하(당일),9월이하(당일),1년이하(당일),1.5년이하(당일),2년이하(당일),2.5년이하(당일),3년이하(당일),4년이하(당일),5년이하(당일),7년이하(당일),10년이하(당일),15년이하(당일),20년이하(당일),30년이하(당일)
시가평가 4사평균 AJ네트웍스,IR,BONDAV411919,공모/무보증BBB+,20260318,2.944,3.276,3.653,3.898,4.498,5.096,5.423,5.961,6.334,6.606,6.642,7.04,7.365,7.766,
시가평가 4사평균 BNK금융지주,IR,BONDAV418519,공모/무보증AAA,20260318,2.903,2.947,2.989,3.172,3.338,3.524,3.547,3.692,3.758,3.902,3.937,4.19,4.388,4.649,
시가평가 4사평균 BNK투자증권,IR,BONDAV440019,공모/무보증A+,20260318,3.058,3.09,3.214,3.442,3.691,3.979,4.027,4.289,4.49,4.832,5.035,5.708,6.109,6.427,
시가평가 4사평균 CJ,IR,BONDAV400104,공모/무보증AA-,20260318,2.955,2.992,3.049,3.234,3.386,3.589,3.606,3.775,3.846,3.99,4.139,4.959,5.571,5.905,
시가평가 4사평균 CJ CGV,IR,BONDAV408805,공모/무보증A-,20260318,4.948,5.042,5.212,5.468,5.859,6.209,6.363,6.72,7.062,7.545,7.678,8.372,8.696,9.115,
시가평가 4사평균 CJ ENM,IR,BONDAV400834,공모/무보증AA-,20260318,3.017,3.057,3.119,3.313,3.476,3.691,3.723,3.928,3.985,4.129,4.308,5.122,5.739,6.074,
시가평가 4사평균 CJ대한통운,IR,BONDAV400012,공모/무보증AA-,20260318,2.925,2.962,3.01,3.195,3.352,3.558,3.577,3.749,3.82,3.971,4.141,4.954,5.571,5.914,
시가평가 4사평균 CJ제일제당,IR,BONDAV412366,공모/무보증AA0,20260318,2.918,2.951,3,3.181,3.33,3.523,3.544,3.711,3.761,3.858,3.917,4.365,4.736,5.011,
시가평가 4사평균 CJ프레시웨이,IR,BONDAV405361,공모/무보증A0,20260318,3.052,3.113,3.242,3.479,3.716,3.988,4.094,4.404,4.706,5.124,5.317,6.039,6.402,6.768,
시가평가 4사평균 DL에너지,IR,BONDAV447436,공모/무보증A0,20260318,2.97,3.038,3.175,3.403,3.646,3.958,4.034,4.325,4.659,5.079,5.274,6.004,6.371,6.705,
시가평가 4사평균 DL이앤씨,IR,BONDAV463270,공모/무보증AA-,20260318,3.056,3.098,3.153,3.34,3.495,3.696,3.737,3.92,3.992,4.16,4.328,5.146,5.754,6.089,
시가평가 4사평균 E1,IR,BONDAV401794,공모/무보증A+,20260318,2.983,3.02,3.123,3.325,3.547,3.804,3.831,4.061,4.292,4.578,4.751,5.464,5.862,6.216,
시가평가 4사평균 GS,IR,BONDAV409006,공모/무보증AA0,20260318,2.995,3.038,3.089,3.282,3.439,3.634,3.655,3.815,3.874,3.997,4.08,4.713,5.213,5.5,
시가평가 4사평균 GS건설,IR,BONDAV400636,공모/무보증A0,20260318,3.866,3.922,4.062,4.301,4.591,4.921,4.988,5.273,5.481,5.906,6.115,6.808,7.159,7.497,
시가평가 4사평균 GS글로벌,IR,BONDAV400125,공모/무보증A0,20260318,3.259,3.322,3.451,3.685,3.93,4.202,4.248,4.51,4.832,5.116,5.278,5.994,6.321,6.678,
시가평가 4사평균 GS리테일,IR,BONDAV400707,공모/무보증AA0,20260318,2.919,2.956,3.005,3.195,3.341,3.53,3.552,3.712,3.773,3.92,4.005,4.661,5.166,5.448,
시가평가 4사평균 GS칼텍스,IR,BONDAV400508,공모/무보증AA+,20260318,2.901,2.937,2.982,3.158,3.306,3.5,3.516,3.682,3.731,3.843,3.881,4.288,4.549,4.805,
시가평가 4사평균 GS파워,IR,BONDAV404484,공모/무보증AA0,20260318,2.904,2.937,2.977,3.167,3.32,3.501,3.517,3.673,3.722,3.837,3.924,4.434,4.832,5.121,
시가평가 4사평균 HDC,IR,BONDAV401263,공모/무보증A0,20260318,3.333,3.398,3.54,3.768,4.006,4.285,4.355,4.653,4.953,5.369,5.561,6.271,6.661,7.032,
시가평가 4사평균 HDC현대산업개발,IR,BONDAV455766,공모/무보증A0,20260318,3.463,3.526,3.664,3.905,4.158,4.437,4.575,4.907,5.208,5.585,5.751,6.468,6.832,7.193,
시가평가 4사평균 HD건설기계,IR,BONDAV452933,공모/무보증A0,20260318,3.085,3.151,3.272,3.51,3.741,4.005,4.063,4.318,4.583,4.944,5.157,5.881,6.232,6.593,
시가평가 4사평균 HD현대,IR,BONDAV452932,공모/무보증A+,20260318,2.943,2.98,3.062,3.266,3.457,3.724,3.77,3.994,4.186,4.458,4.637,5.348,5.754,6.119,
시가평가 4사평균 HD현대인프라코어(~260123),IR,BONDAV405534, , , , , , , , , , , , , , , , ,
시가평가 4사평균 HD현대일렉트릭,IR,BONDAV452931,공모/무보증A+,20260318,3.115,3.16,3.277,3.492,3.727,4.007,4.056,4.284,4.498,4.788,4.977,5.684,6.099,6.462,
시가평가 4사평균 HD현대중공업,IR,BONDAV458676,공모/무보증A+,20260318,3.058,3.109,3.222,3.447,3.692,3.977,4.053,4.322,4.568,4.918,5.096,5.803,6.265,6.629,
시가평가 4사평균 HK이노엔,IR,BONDAV444919,공모/무보증A0,20260318,3.15,3.209,3.347,3.583,3.834,4.109,4.185,4.497,4.856,5.298,5.49,6.212,6.559,6.915,
시가평가 4사평균 HL D&I,IR,BONDAV401479,공모/무보증BBB+,20260318,5.054,5.655,6.163,6.49,6.981,7.808,8.093,8.526,8.75,8.983,9.022,9.435,9.668,10.056,
시가평가 4사평균 HL만도,IR,BONDAV446015,공모/무보증AA-,20260318,2.977,3.016,3.074,3.262,3.42,3.623,3.641,3.807,3.86,3.989,4.167,4.979,5.597,5.94,
시가평가 4사평균 HL홀딩스,IR,BONDAV404107,공모/무보증A0,20260318,3.145,3.209,3.35,3.585,3.83,4.082,4.158,4.42,4.718,5.089,5.281,5.991,6.327,6.698,
시가평가 4사평균 HS효성첨단소재,IR,BONDAV456217,공모/무보증A0,20260318,3.247,3.308,3.449,3.686,3.925,4.179,4.219,4.443,4.737,5.006,5.206,5.919,6.237,6.597,
시가평가 4사평균 INVENI,IR,BONDAV401536,공모/무보증AA-,20260318,3.032,3.073,3.135,3.324,3.482,3.693,3.731,3.929,4.014,4.185,4.364,5.189,5.821,6.159,
시가평가 4사평균 JB 우리캐피탈,IR,BONDAV403713,기타금융채AA-,20260318,2.99,3.02,3.074,3.281,3.464,3.703,3.702,3.926,4.003,4.157,4.585,5.38,5.776,6.067,
시가평가 4사평균 JB금융지주,IR,BONDAV442953,공모/무보증AA+,20260318,2.97,3.014,3.067,3.251,3.411,3.62,3.724,3.923,4.04,4.171,4.241,4.654,4.925,5.192,
시가평가 4사평균 KB금융,IR,BONDAV413986,공모/무보증AAA,20260318,2.875,2.911,2.949,3.124,3.281,3.45,3.472,3.613,3.674,3.802,3.842,4.109,4.309,4.571,
시가평가 4사평균 KB증권,IR,BONDAV400345,공모/무보증AA+,20260318,2.937,2.984,3.039,3.221,3.37,3.568,3.591,3.753,3.801,3.902,3.97,4.381,4.645,4.912,
시가평가 4사평균 KB캐피탈,IR,BONDAV402196,기타금융채AA-,20260318,2.957,2.973,3.023,3.23,3.401,3.631,3.641,3.864,3.927,4.084,4.51,5.288,5.668,5.962,
시가평가 4사평균 LF,IR,BONDAV413163,공모/무보증AA-,20260318,2.974,3.017,3.078,3.264,3.415,3.616,3.637,3.807,3.89,4.055,4.216,5.04,5.652,5.984,
시가평가 4사평균 LG디스플레이,IR,BONDAV403922,공모/무보증A0,20260318,3.313,3.378,3.511,3.748,3.995,4.28,4.355,4.642,4.912,5.303,5.488,6.201,6.534,6.898,
시가평가 4사평균 LG씨엔에스,IR,BONDAV403826,공모/무보증AA0,20260318,2.939,2.986,3.037,3.225,3.384,3.574,3.594,3.758,3.809,3.93,4.006,4.668,5.172,5.461,
시가평가 4사평균 LG에너지솔루션,IR,BONDAV463087,공모/무보증AA0,20260318,2.988,3.026,3.081,3.276,3.435,3.633,3.657,3.821,3.869,3.985,4.015,4.626,5.117,5.399,
시가평가 4사평균 LG유플러스,IR,BONDAV403264,공모/무보증AA+,20260318,2.9,2.937,2.986,3.163,3.31,3.484,3.499,3.664,3.709,3.82,3.838,4.184,4.469,4.735,
시가평가 4사평균 LG이노텍,IR,BONDAV401107,공모/무보증AA-,20260318,2.905,2.942,2.991,3.177,3.322,3.506,3.527,3.699,3.751,3.856,3.983,4.72,5.314,5.645,
시가평가 4사평균 LG전자,IR,BONDAV406572,공모/무보증AA0,20260318,2.906,2.943,2.989,3.172,3.329,3.518,3.533,3.697,3.742,3.855,3.879,4.291,4.687,4.956,
시가평가 4사평균 LG헬로비전,IR,BONDAV412160,공모/무보증AA-,20260318,2.925,2.963,3.025,3.21,3.365,3.561,3.575,3.735,3.802,3.964,4.123,4.948,5.546,5.882,
시가평가 4사평균 LG화학,IR,BONDAV404998,공모/무보증AA+,20260318,2.921,2.965,3.016,3.198,3.356,3.558,3.568,3.725,3.766,3.883,3.913,4.319,4.585,4.84,
시가평가 4사평균 LIG넥스원,IR,BONDAV409003,공모/무보증AA0,20260318,2.966,2.996,3.052,3.246,3.405,3.595,3.603,3.793,3.857,4.029,4.103,4.769,5.261,5.543,
시가평가 4사평균 LS,IR,BONDAV400626,공모/무보증A+,20260318,2.95,2.983,3.068,3.276,3.453,3.707,3.743,3.982,4.232,4.562,4.739,5.447,5.85,6.211,
시가평가 4사평균 LS네트웍스,IR,BONDAV400068,공모/무보증BBB+,20260318,3.21,3.618,4.065,4.434,5.132,5.997,6.317,6.75,6.964,7.22,7.235,7.649,7.922,8.304,
시가평가 4사평균 LX인터내셔널,IR,BONDAV400112,공모/무보증AA-,20260318,3.021,3.071,3.135,3.324,3.487,3.706,3.735,3.903,3.987,4.158,4.323,5.15,5.762,6.099,
시가평가 4사평균 LX하우시스,IR,BONDAV414723,공모/무보증A+,20260318,2.954,2.994,3.08,3.296,3.509,3.765,3.823,4.045,4.272,4.604,4.782,5.48,5.892,6.249,
시가평가 4사평균 LX홀딩스,IR,BONDAV476748,공모/무보증AA-,20260318,2.907,2.938,3.003,3.204,3.352,3.565,3.555,3.733,3.782,3.951,4.131,4.968,5.562,5.905,
시가평가 4사평균 NAVER,IR,BONDAV411456,공모/무보증AA+,20260318,2.925,2.96,3.015,3.197,3.351,3.547,3.565,3.728,3.778,3.883,3.941,4.356,4.635,4.904,
시가평가 4사평균 NH투자증권(구 우리투자),IR,BONDAV400594,공모/무보증AA+,20260318,2.935,2.98,3.034,3.217,3.371,3.567,3.589,3.75,3.803,3.917,4.015,4.426,4.707,4.975,
시가평가 4사평균 OCI,IR,BONDAV470119,공모/무보증A+,20260318,3.045,3.094,3.213,3.437,3.663,3.93,3.948,4.137,4.335,4.672,4.846,5.555,5.965,6.322,
시가평가 4사평균 S-Oil,IR,BONDAV401095,공모/무보증AA0,20260318,2.906,2.942,2.991,3.175,3.332,3.525,3.543,3.709,3.752,3.827,3.831,4.011,4.514,4.791,
시가평가 4사평균 SBS,IR,BONDAV403896,공모/무보증AA0,20260318,2.993,3.029,3.086,3.272,3.432,3.628,3.664,3.855,3.913,4.053,4.139,4.79,5.291,5.573,
시가평가 4사평균 SK,IR,BONDAV403914,공모/무보증AA+,20260318,2.956,3.001,3.044,3.227,3.379,3.577,3.594,3.759,3.809,3.912,3.924,4.19,4.454,4.712,
시가평가 4사평균 SKC,IR,BONDAV401179,공모/무보증A0,20260318,3.369,3.434,3.576,3.823,4.076,4.405,4.484,4.789,5.094,5.501,5.691,6.401,6.747,7.1,
시가평가 4사평균 SK가스,IR,BONDAV401867,공모/무보증AA-,20260318,2.924,2.958,3.005,3.19,3.337,3.533,3.55,3.722,3.757,3.896,4.063,4.872,5.484,5.827,
시가평가 4사평균 SK네트웍스,IR,BONDAV400174,공모/무보증AA-,20260318,3.083,3.123,3.179,3.379,3.539,3.736,3.751,3.936,4,4.15,4.295,5.124,5.722,6.054,
시가평가 4사평균 SK디스커버리,IR,BONDAV400612,공모/무보증A+,20260318,3.065,3.109,3.223,3.441,3.673,3.951,4.01,4.242,4.457,4.788,4.963,5.673,6.09,6.442,
시가평가 4사평균 SK렌터카,IR,BONDAV409915,공모/무보증A0,20260318,3.102,3.159,3.29,3.528,3.773,4.06,4.09,4.363,4.583,4.946,5.12,5.843,6.189,6.526,
시가평가 4사평균 SK리츠,IR,BONDAV466755,공모/무보증AA-,20260318,3.18,3.216,3.291,3.48,3.634,3.847,3.867,4.04,4.101,4.266,4.441,5.267,5.877,6.2,
시가평가 4사평균 SK브로드밴드,IR,BONDAV403363,공모/무보증AA0,20260318,2.949,2.987,3.042,3.231,3.395,3.585,3.609,3.778,3.833,3.95,3.946,4.256,4.721,5.013,
시가평가 4사평균 SK쉴더스,IR,BONDAV464755,공모/무보증A-,20260318,3.326,3.402,3.564,3.795,4.091,4.376,4.471,4.788,5.122,5.53,5.654,6.344,6.656,7.047,
시가평가 4사평균 SK실트론,IR,BONDAV402927,공모/무보증A+,20260318,3.015,3.058,3.165,3.382,3.593,3.836,3.858,4.084,4.283,4.618,4.817,5.53,5.932,6.287,
시가평가 4사평균 SK아이이테크놀로지,IR,BONDAV472164,공모/무보증A0,20260318,3.297,3.364,3.505,3.755,4.091,4.475,4.553,4.873,5.174,5.593,5.783,6.496,6.744,7.108,
시가평가 4사평균 SK에너지,IR,BONDAV418403,공모/무보증AA0,20260318,3.017,3.056,3.102,3.295,3.456,3.652,3.676,3.838,3.897,4.022,4.105,4.614,5.043,5.33,
시가평가 4사평균 SK이노베이션,IR,BONDAV412242,공모/무보증AA0,20260318,2.996,3.036,3.092,3.289,3.449,3.644,3.666,3.834,3.889,3.997,4.002,4.331,4.782,5.071,
시가평가 4사평균 SK인텔릭스,IR,BONDAV453966,공모/무보증A+,20260318,3.038,3.07,3.17,3.389,3.609,3.87,3.9,4.102,4.313,4.652,4.832,5.533,5.935,6.301,
시가평가 4사평균 SK지오센트릭,IR,BONDAV418404,공모/무보증AA-,20260318,3.182,3.222,3.311,3.539,3.71,3.924,3.927,4.087,4.142,4.291,4.453,5.192,5.794,6.137,
시가평가 4사평균 SK케미칼,IR,BONDAV454872,공모/무보증A+,20260318,2.974,3.015,3.114,3.329,3.541,3.808,3.86,4.09,4.297,4.637,4.813,5.522,5.932,6.289,
시가평가 4사평균 SK텔레콤,IR,BONDAV401767,공모/무보증AAA,20260318,2.88,2.924,2.964,3.149,3.311,3.486,3.501,3.639,3.688,3.8,3.798,3.874,4.056,4.306,
시가평가 4사평균 SK하이닉스,IR,BONDAV400066,공모/무보증AA+,20260318,2.892,2.935,2.985,3.168,3.32,3.502,3.516,3.67,3.721,3.822,3.841,4.258,4.54,4.807,
시가평가 4사평균 SPC삼립,IR,BONDAV400561,공모/무보증A+,20260318,2.898,2.93,3.054,3.272,3.421,3.699,3.747,4.009,4.21,4.552,4.755,5.428,5.829,6.147,
시가평가 4사평균 iM금융지주,IR,BONDAV418796,공모/무보증AAA,20260318,2.927,2.972,3.016,3.196,3.357,3.539,3.559,3.703,3.784,3.934,3.973,4.211,4.409,4.659,
시가평가 4사평균 가온전선,IR,BONDAV400050,공모/무보증A0,20260318,3.011,3.071,3.213,3.449,3.695,3.991,4.019,4.271,4.578,5.014,5.204,5.952,6.284,6.645,
시가평가 4사평균 경기주택도시공사,IR,BONDAV404130,공사/공단채AAA,20260318,2.838,2.882,2.928,3.041,3.226,3.455,3.497,3.655,3.71,3.842,3.87,3.92,3.945,3.966,3.836
시가평가 4사평균 경기평택항만공사,IR,BONDAV459182,공사/공단채AA+,20260318,2.971,3.015,3.074,3.181,3.37,3.615,3.673,3.841,3.894,4.036,4.065,4.154,4.186,4.24,
시가평가 4사평균 경남개발공사,IR,BONDAV411686,공사/공단채AA+,20260318,2.866,2.906,2.961,3.064,3.249,3.499,3.553,3.713,3.775,3.918,3.954,4.044,4.081,4.131,
시가평가 4사평균 경남은행,IR,BONDAV445405,은행채AA+,20260318,2.808,2.856,2.883,3.003,3.279,3.431,3.47,3.646,3.708,3.879,3.894,4.117,4.353,4.537,
시가평가 4사평균 경상북도개발공사,IR,BONDAV412425,공사/공단채AA+,20260318,2.87,2.917,2.972,3.071,3.261,3.51,3.567,3.728,3.789,3.94,3.973,4.063,4.101,4.147,
시가평가 4사평균 고려아연,IR,BONDAV401013,공모/무보증AA0,20260318,3.13,3.173,3.231,3.424,3.596,3.805,3.827,4.002,4.068,4.206,4.306,4.953,5.439,5.729,
시가평가 4사평균 고양도시관리공사,IR,BONDAV464605,공사/공단채AA0,20260318,2.897,2.941,3.007,3.127,3.348,3.608,3.702,3.877,3.94,4.09,4.147,4.239,4.305,4.347,
시가평가 4사평균 과천도시공사,IR,BONDAV462757,공사/공단채AA0,20260318,2.939,2.983,3.048,3.174,3.395,3.644,3.721,3.881,3.977,4.128,4.181,4.282,4.346,4.391,
시가평가 4사평균 광주광역시도시공사,IR,BONDAV404932,공사/공단채AA+,20260318,2.876,2.919,2.979,3.083,3.268,3.515,3.569,3.732,3.788,3.935,3.974,4.063,4.112,4.154,
시가평가 4사평균 광주신세계,IR,BONDAV412715,공모/무보증AA-,20260318,2.94,2.971,3.033,3.241,3.397,3.605,3.655,3.865,3.932,4.111,4.296,5.15,5.742,6.072,
시가평가 4사평균 광주은행,IR,BONDAV445406,은행채AA+,20260318,2.816,2.863,2.894,3.022,3.287,3.44,3.478,3.655,3.717,3.886,3.896,4.121,4.359,4.545,
시가평가 4사평균 광해광업공단,IR,BONDAV465214,공사/공단채AAA,20260318,2.835,2.878,2.921,3.034,3.215,3.439,3.482,3.637,3.685,3.818,3.851,3.911,3.939,3.96,3.826
시가평가 4사평균 교보증권,IR,BONDAV403061,공모/무보증AA-,20260318,3.192,3.236,3.326,3.529,3.697,3.901,3.927,4.098,4.176,4.364,4.553,5.377,5.979,6.317,
시가평가 4사평균 국가철도공단,IR,BONDAV408572,공사/공단채AAA,20260318,2.8,2.843,2.884,2.995,3.178,3.405,3.45,3.609,3.649,3.775,3.78,3.816,3.827,3.831,3.689
시가평가 4사평균 국도화학,IR,BONDAV400769,공모/무보증A+,20260318,3.136,3.178,3.288,3.515,3.749,4.031,4.108,4.366,4.613,4.969,5.152,5.861,6.275,6.634,
시가평가 4사평균 국민은행,IR,BONDAV402313,은행채AAA,20260318,2.793,2.838,2.86,2.968,3.219,3.352,3.396,3.582,3.642,3.81,3.825,4.042,4.213,4.349,
시가평가 4사평균 금호석유화학,IR,BONDAV401178,공모/무보증A+,20260318,2.971,3.009,3.11,3.337,3.559,3.822,3.861,4.062,4.24,4.477,4.654,5.369,5.78,6.141,
시가평가 4사평균 금호타이어,IR,BONDAV407726,공모/무보증A0,20260318,3.111,3.171,3.303,3.539,3.787,4.053,4.057,4.237,4.526,4.961,5.151,5.875,6.206,6.568,
시가평가 4사평균 기아,IR,BONDAV400027,공모/무보증AAA,20260318,2.9,2.944,2.986,3.164,3.33,3.521,3.556,3.708,3.766,3.892,3.942,4.291,4.543,4.794,
시가평가 4사평균 기업은행,IR,BONDAV402411,은행채AAA(중금-이표),20260318,2.772,2.812,2.83,2.921,3.159,3.306,3.331,3.494,3.55,3.729,3.736,3.974,4.141,4.272,
시가평가 4사평균 김해시도시개발공사,IR,BONDAV456601,공사/공단채AA0,20260318,2.9,2.94,3.01,3.13,3.345,3.598,3.667,3.823,3.894,4.048,4.095,4.193,4.284,4.312,
시가평가 4사평균 나래에너지서비스,IR,BONDAV446710,공모/무보증AA-,20260318,2.947,2.978,3.043,3.244,3.397,3.615,3.622,3.818,3.87,4.041,4.221,5.077,5.667,5.997,
시가평가 4사평균 넥센타이어,IR,BONDAV400235,공모/무보증A0,20260318,2.99,3.049,3.169,3.401,3.623,3.889,3.935,4.178,4.493,4.886,5.076,5.791,6.129,6.482,
시가평가 4사평균 넷마블,IR,BONDAV462382,공모/무보증A+,20260318,3.558,3.59,3.719,3.952,4.201,4.479,4.557,4.839,5.04,5.382,5.585,6.258,6.659,6.977,
시가평가 4사평균 녹십자,IR,BONDAV400628,공모/무보증A+,20260318,2.96,3.006,3.107,3.315,3.534,3.777,3.843,4.071,4.295,4.612,4.797,5.498,5.902,6.266,
시가평가 4사평균 녹십자홀딩스,IR,BONDAV400525,공모/무보증A+,20260318,2.941,2.981,3.1,3.323,3.553,3.841,3.875,4.132,4.329,4.672,4.865,5.568,5.96,6.28,
시가평가 4사평균 농심홀딩스,IR,BONDAV409805,공모/무보증AA0,20260318,2.847,2.872,2.92,3.132,3.282,3.487,3.493,3.688,3.729,3.859,3.937,4.59,5.082,5.353,
시가평가 4사평균 농어촌공사,IR,BONDAV404019,공사/공단채AAA,20260318,2.801,2.845,2.885,2.998,3.18,3.4,3.448,3.604,3.65,3.782,3.786,3.826,3.842,3.854,3.723
시가평가 4사평균 농협금융지주,IR,BONDAV440495,공모/무보증AAA,20260318,2.881,2.919,2.954,3.132,3.286,3.462,3.483,3.617,3.673,3.8,3.851,4.114,4.296,4.548,
시가평가 4사평균 농협은행,IR,BONDAV419845,은행채AAA,20260318,2.793,2.838,2.86,2.968,3.219,3.352,3.396,3.582,3.642,3.81,3.825,4.042,4.213,4.349,
시가평가 4사평균 농협중앙회,IR,BONDAV403432,공사/공단채AAA,20260318,2.807,2.853,2.903,3.023,3.2,3.43,3.468,3.614,3.661,3.789,3.789,3.829,3.837,3.853,3.718
시가평가 4사평균 다우기술,IR,BONDAV402359,공모/무보증A0,20260318,3.025,3.088,3.224,3.46,3.702,3.974,4.059,4.339,4.649,5.058,5.254,5.956,6.304,6.642,
시가평가 4사평균 대구교통공사,IR,BONDAV404908,공사/공단채AA+,20260318,2.891,2.936,2.993,3.1,3.282,3.533,3.586,3.751,3.814,3.955,3.986,4.075,4.121,4.167,
시가평가 4사평균 대구도시개발공사,IR,BONDAV404004,공사/공단채AA+,20260318,2.849,2.891,2.947,3.045,3.231,3.478,3.533,3.693,3.756,3.905,3.944,4.035,4.074,4.122,
시가평가 4사평균 대림(~260129),IR,BONDAV409924, , , , , , , , , , , , , , , , ,
시가평가 4사평균 대상,IR,BONDAV400168,공모/무보증AA-,20260318,2.924,2.961,3.013,3.193,3.344,3.54,3.56,3.733,3.81,3.979,4.139,4.967,5.581,5.912,
시가평가 4사평균 대상홀딩스,IR,BONDAV413099,공모/무보증AA-,20260318,3.04,3.092,3.15,3.338,3.495,3.695,3.71,3.882,3.954,4.13,4.311,5.138,5.771,6.104,
시가평가 4사평균 대성에너지,IR,BONDAV415699,공모/무보증A+,20260318,2.918,2.952,3.046,3.255,3.451,3.687,3.735,3.963,4.16,4.51,4.703,5.383,5.795,6.134,
시가평가 4사평균 대성홀딩스,IR,BONDAV401671,공모/무보증A+,20260318,2.938,2.972,3.081,3.305,3.561,3.827,3.857,4.086,4.285,4.625,4.818,5.498,5.91,6.249,
시가평가 4사평균 대신에프앤아이,IR,BONDAV413422,공모/무보증A0,20260318,3.229,3.294,3.427,3.664,3.914,4.192,4.253,4.533,4.813,5.216,5.411,6.121,6.497,6.867,
시가평가 4사평균 대신자산신탁,IR,BONDAV459183,공모/무보증BBB+,20260318,3.875,4.283,4.73,5.099,5.797,6.662,6.982,7.415,7.629,7.885,7.9,8.314,8.587,8.969,
시가평가 4사평균 대신증권,IR,BONDAV400354,공모/무보증AA-,20260318,3.081,3.123,3.185,3.372,3.532,3.736,3.78,3.965,4.061,4.23,4.408,5.228,5.844,6.187,
시가평가 4사평균 대웅제약,IR,BONDAV406989,공모/무보증A+,20260318,3.03,3.073,3.184,3.399,3.619,3.879,3.928,4.142,4.358,4.698,4.876,5.585,5.997,6.356,
시가평가 4사평균 대전도시공사,IR,BONDAV404067,공사/공단채AA+,20260318,2.849,2.895,2.948,3.052,3.237,3.484,3.542,3.707,3.767,3.906,3.936,4.023,4.064,4.107,
시가평가 4사평균 대한전선,IR,BONDAV400144,공모/무보증A0,20260318,2.948,2.976,3.103,3.302,3.538,3.794,3.792,3.999,4.321,4.771,4.986,5.696,6.031,6.403,
시가평가 4사평균 대한제당,IR,BONDAV400179,공모/무보증A-,20260318,3.286,3.342,3.511,3.747,4.033,4.345,4.491,4.835,5.179,5.68,5.814,6.504,6.861,7.252,
시가평가 4사평균 대한항공,IR,BONDAV400349,공모/무보증A0,20260318,3.02,3.071,3.186,3.39,3.594,3.862,3.915,4.124,4.356,4.486,4.684,5.374,5.727,6.088,
시가평가 4사평균 동아쏘시오홀딩스,IR,BONDAV400064,공모/무보증A0,20260318,3.084,3.138,3.254,3.483,3.723,3.989,4.043,4.297,4.622,5.061,5.239,5.961,6.329,6.698,
시가평가 4사평균 동아에스티,IR,BONDAV441970,공모/무보증A+,20260318,3.034,3.084,3.197,3.421,3.651,3.917,3.948,4.155,4.398,4.739,4.914,5.62,6.034,6.397,
시가평가 4사평균 동원F&B,IR,BONDAV404971,공모/무보증A+,20260318,2.946,2.983,3.09,3.299,3.514,3.772,3.795,4.006,4.216,4.487,4.664,5.378,5.765,6.117,
시가평가 4사평균 동원산업,IR,BONDAV400604,공모/무보증AA-,20260318,2.972,3.007,3.064,3.255,3.405,3.591,3.608,3.774,3.832,3.994,4.153,4.977,5.586,5.919,
시가평가 4사평균 동원시스템즈,IR,BONDAV401482,공모/무보증A+,20260318,2.949,2.986,3.082,3.294,3.503,3.749,3.771,3.989,4.213,4.494,4.664,5.38,5.785,6.134,
시가평가 4사평균 동화기업,IR,BONDAV402590,공모/무보증BBB+,20260318,3.794,4.185,4.471,4.796,5.333,6.086,6.353,6.776,7.007,7.339,7.376,7.794,8.145,8.543,
시가평가 4사평균 두산,IR,BONDAV400015,공모/무보증BBB+,20260318,2.95,3.148,3.437,3.623,4.006,4.534,4.83,5.109,5.327,5.602,5.651,6.048,6.269,6.668,
시가평가 4사평균 두산에너빌리티,IR,BONDAV403787,공모/무보증BBB+,20260318,2.94,3.068,3.223,3.416,3.691,4.491,4.788,5.208,5.425,5.669,5.719,6.108,6.387,6.793,
시가평가 4사평균 두산퓨얼셀,IR,BONDAV459534,공모/무보증BBB0,20260318,3.185,3.568,3.846,4.091,4.587,5.237,5.6,6.004,6.204,6.448,6.489,6.924,7.213,7.676,
시가평가 4사평균 디비캐피탈,IR,BONDAV403840,기타금융채BBB+,20260318,4.304,4.766,4.973,5.14,5.34,6.109,6.396,6.807,6.973,7.23,7.32,7.869,7.993,8.419,
시가평가 4사평균 롯데건설,IR,BONDAV400082,공모/무보증A0,20260318,4.625,4.751,4.975,5.233,5.486,5.775,5.839,6.14,6.431,6.848,7.027,7.736,8.027,8.365,
시가평가 4사평균 롯데글로벌로지스,IR,BONDAV404011,공모/무보증A0,20260318,3.138,3.197,3.334,3.569,3.813,4.084,4.141,4.394,4.652,4.999,5.183,5.904,6.217,6.582,
시가평가 4사평균 롯데렌탈,IR,BONDAV410747,공모/무보증A+,20260318,3.07,3.116,3.229,3.451,3.681,3.954,3.984,4.2,4.357,4.667,4.821,5.557,6.025,6.381,
시가평가 4사평균 롯데물산,IR,BONDAV403101,공모/무보증A+,20260318,3.253,3.295,3.389,3.575,3.791,4.062,4.1,4.315,4.472,4.712,4.832,5.654,6.199,6.549,
시가평가 4사평균 롯데쇼핑,IR,BONDAV402353,공모/무보증AA-,20260318,3.127,3.173,3.233,3.43,3.59,3.8,3.84,4.014,4.072,4.21,4.352,5.04,5.627,5.959,
시가평가 4사평균 롯데웰푸드,IR,BONDAV454217,공모/무보증AA0,20260318,2.951,2.989,3.039,3.225,3.376,3.553,3.573,3.736,3.778,3.888,3.971,4.615,5.114,5.394,
시가평가 4사평균 롯데지주,IR,BONDAV400499,공모/무보증A+,20260318,3.221,3.266,3.378,3.574,3.801,4.078,4.124,4.339,4.502,4.688,4.809,5.51,5.932,6.281,
시가평가 4사평균 롯데칠성음료,IR,BONDAV400530,공모/무보증AA0,20260318,2.953,2.987,3.044,3.23,3.384,3.568,3.589,3.756,3.806,3.918,3.995,4.533,4.979,5.259,
시가평가 4사평균 롯데카드,IR,BONDAV403062,카드채AA-,20260318,3.167,3.197,3.26,3.492,3.686,3.92,3.925,4.124,4.164,4.314,4.724,5.513,5.886,6.175,
시가평가 4사평균 롯데캐피탈,IR,BONDAV402969,기타금융채A+,20260318,3.265,3.433,3.521,3.68,3.851,4.194,4.29,4.569,4.853,5.075,5.302,5.95,6.188,6.408,
시가평가 4사평균 롯데케미칼,IR,BONDAV401117,공모/무보증AA-,20260318,3.274,3.324,3.398,3.598,3.791,4.023,4.049,4.223,4.275,4.389,4.476,5.22,5.754,6.065,
시가평가 4사평균 롯데하이마트,IR,BONDAV403757,공모/무보증A+,20260318,3.196,3.244,3.36,3.612,3.867,4.109,4.141,4.374,4.586,4.922,5.103,5.837,6.244,6.607,
시가평가 4사평균 매일유업,IR,BONDAV453169,공모/무보증AA-,20260318,3.046,3.091,3.148,3.331,3.483,3.679,3.698,3.868,3.927,4.089,4.227,5.055,5.67,6.003,
시가평가 4사평균 맥쿼리인프라,IR,BONDAV411959,공모/무보증AA0,20260318,2.996,3.037,3.09,3.28,3.435,3.626,3.647,3.813,3.861,3.973,4.066,4.723,5.232,5.514,
시가평가 4사평균 메리츠금융지주,IR,BONDAV418869,공모/무보증AA0,20260318,3.043,3.087,3.141,3.342,3.504,3.709,3.727,3.884,4.031,4.192,4.285,4.944,5.462,5.751,
시가평가 4사평균 메리츠증권,IR,BONDAV400856,공모/무보증AA-,20260318,3.011,3.053,3.106,3.295,3.455,3.659,3.677,3.847,3.964,4.129,4.313,5.129,5.747,6.09,
시가평가 4사평균 메리츠캐피탈,IR,BONDAV441534,기타금융채A+,20260318,3.306,3.483,3.564,3.711,3.881,4.235,4.404,4.785,5.097,5.344,5.523,6.103,6.295,6.52,
시가평가 4사평균 무림페이퍼,IR,BONDAV400920,공모/무보증A-,20260318,3.544,3.619,3.783,4.024,4.327,4.643,4.775,5.155,5.498,6.032,6.158,6.836,7.154,7.515,
시가평가 4사평균 미래에셋자산운용,IR,BONDAV446852,공모/무보증AA0,20260318,3.073,3.118,3.179,3.379,3.565,3.766,3.792,3.961,4.039,4.192,4.277,4.936,5.439,5.721,
시가평가 4사평균 미래에셋증권,IR,BONDAV400680,공모/무보증AA0,20260318,2.984,3.019,3.076,3.252,3.399,3.59,3.609,3.771,3.824,3.96,4.07,4.714,5.196,5.481,
시가평가 4사평균 미래에셋캐피탈,IR,BONDAV404376,기타금융채AA-,20260318,3.017,3.051,3.109,3.324,3.517,3.763,3.775,3.999,4.077,4.239,4.681,5.493,5.909,6.194,
시가평가 4사평균 벤츠파이낸셜서비스,IR,BONDAV441132,기타금융채A+,20260318,3.051,3.228,3.303,3.436,3.618,3.975,4.149,4.547,4.859,5.124,5.315,5.908,6.126,6.356,
시가평가 4사평균 보령,IR,BONDAV400385,공모/무보증A0,20260318,3.086,3.146,3.278,3.514,3.76,4.058,4.069,4.307,4.608,5.046,5.236,5.96,6.301,6.678,
시가평가 4사평균 보령엘엔지터미널,IR,BONDAV446443,공모/무보증AA0,20260318,3.033,3.073,3.127,3.317,3.485,3.681,3.721,3.903,3.962,4.108,4.202,4.856,5.357,5.639,
시가평가 4사평균 부산교통공사,IR,BONDAV411802,공사/공단채AAA,20260318,2.807,2.851,2.891,3.013,3.194,3.418,3.467,3.632,3.694,3.838,3.855,3.897,3.909,3.924,3.79
시가평가 4사평균 부산도시공사,IR,BONDAV404021,공사/공단채AA+,20260318,2.853,2.896,2.95,3.049,3.237,3.49,3.545,3.71,3.757,3.896,3.925,4.01,4.046,4.095,
시가평가 4사평균 부산은행,IR,BONDAV400528,은행채AAA,20260318,2.807,2.851,2.873,2.981,3.232,3.367,3.411,3.597,3.66,3.827,3.839,4.055,4.236,4.37,
시가평가 4사평균 부산항만공사,IR,BONDAV412600,공사/공단채AAA,20260318,2.817,2.862,2.901,3.016,3.2,3.426,3.473,3.631,3.68,3.813,3.812,3.842,3.851,3.859,3.725
시가평가 4사평균 비씨카드,IR,BONDAV403132,카드채AA+,20260318,2.933,2.952,2.991,3.195,3.377,3.616,3.625,3.822,3.851,3.908,4.18,5.013,5.387,5.671,
시가평가 4사평균 비엔케이캐피탈,IR,BONDAV419070,기타금융채AA-,20260318,2.993,3.022,3.076,3.286,3.472,3.718,3.722,3.948,4.013,4.159,4.587,5.382,5.778,6.068,
시가평가 4사평균 빙그레,IR,BONDAV400518,공모/무보증AA-,20260318,2.885,2.91,2.959,3.18,3.329,3.551,3.554,3.754,3.808,3.977,4.156,4.982,5.599,5.91,
시가평가 4사평균 산업은행,IR,BONDAV403401,은행채AAA(산금-이표),20260318,2.772,2.812,2.83,2.921,3.159,3.306,3.331,3.494,3.546,3.722,3.714,3.947,4.114,4.244,
시가평가 4사평균 산은캐피탈,IR,BONDAV400827,기타금융채AA-,20260318,2.948,2.966,3.018,3.227,3.398,3.626,3.642,3.864,3.925,4.077,4.517,5.319,5.727,6.018,
시가평가 4사평균 삼성FN리츠,IR,BONDAV468909,공모/무보증A+,20260318,3.316,3.371,3.5,3.728,3.988,4.21,4.248,4.507,4.689,5.032,5.225,5.922,6.318,6.683,
시가평가 4사평균 삼성물산,IR,BONDAV402826,공모/무보증AA+,20260318,2.945,2.989,3.04,3.222,3.378,3.582,3.6,3.768,3.856,4.035,4.108,4.534,4.797,5.064,
시가평가 4사평균 삼성바이오로직스,IR,BONDAV446415,공모/무보증AA0,20260318,2.946,2.984,3.027,3.209,3.359,3.543,3.562,3.724,3.781,3.916,4,4.688,5.214,5.506,
시가평가 4사평균 삼성중공업,IR,BONDAV401014,공모/무보증A-,20260318,2.994,3.056,3.211,3.423,3.597,3.911,3.97,4.29,4.657,5.219,5.342,6.035,6.365,6.783,
시가평가 4사평균 삼성증권,IR,BONDAV401636,공모/무보증AA+,20260318,2.956,3.001,3.051,3.233,3.388,3.583,3.605,3.77,3.828,3.953,4.029,4.441,4.719,4.985,
시가평가 4사평균 삼성카드,IR,BONDAV402978,카드채AA+,20260318,2.925,2.943,2.981,3.185,3.367,3.605,3.61,3.806,3.83,3.879,4.154,4.985,5.357,5.64,
시가평가 4사평균 삼양사,IR,BONDAV419746,공모/무보증AA-,20260318,2.996,3.036,3.098,3.288,3.447,3.654,3.675,3.849,3.919,4.1,4.297,5.127,5.744,6.082,
시가평가 4사평균 삼양식품,IR,BONDAV400323,공모/무보증A+,20260318,2.958,2.996,3.104,3.321,3.538,3.793,3.823,4.036,4.256,4.593,4.769,5.472,5.88,6.244,
시가평가 4사평균 삼양패키징,IR,BONDAV456434,공모/무보증A-,20260318,3.009,3.076,3.235,3.477,3.758,4.022,4.081,4.356,4.827,5.328,5.45,6.16,6.49,6.895,
시가평가 4사평균 삼양홀딩스,IR,BONDAV400007,공모/무보증AA-,20260318,2.94,2.977,3.023,3.23,3.388,3.59,3.603,3.786,3.852,4.022,4.203,5.018,5.638,5.968,
시가평가 4사평균 삼척블루파워,IR,BONDAV419605,공모/무보증A+,20260318,4.208,4.26,4.402,4.805,5.144,5.585,5.948,6.526,6.745,7.084,7.264,7.94,8.369,8.729,
시가평가 4사평균 삼천리,IR,BONDAV400469,공모/무보증AA+,20260318,2.935,2.977,3.026,3.211,3.368,3.57,3.588,3.759,3.81,3.931,3.984,4.403,4.682,4.945,
시가평가 4사평균 서울교통공사,IR,BONDAV453551,공사/공단채AAA,20260318,2.851,2.895,2.934,3.048,3.235,3.459,3.505,3.66,3.725,3.853,3.864,3.918,3.934,3.945,3.815
시가평가 4사평균 서울주택도시공사,IR,BONDAV409587,공사/공단채AAA,20260318,2.825,2.879,2.933,3.061,3.245,3.466,3.505,3.661,3.699,3.827,3.835,3.891,3.905,3.924,3.788
시가평가 4사평균 서흥,IR,BONDAV400849,공모/무보증A-,20260318,3.086,3.145,3.3,3.54,3.828,4.093,4.141,4.399,4.748,5.272,5.41,6.092,6.421,6.812,
시가평가 4사평균 세아베스틸,IR,BONDAV467084,공모/무보증A+,20260318,2.983,3.02,3.128,3.349,3.557,3.818,3.869,4.095,4.292,4.597,4.774,5.489,5.904,6.261,
시가평가 4사평균 세아베스틸지주,IR,BONDAV400143,공모/무보증A+,20260318,3.013,3.057,3.169,3.398,3.641,3.923,3.991,4.254,4.453,4.781,4.952,5.665,6.067,6.416,
시가평가 4사평균 세아제강,IR,BONDAV456610,공모/무보증A+,20260318,3.041,3.098,3.208,3.432,3.666,3.942,3.994,4.221,4.443,4.784,4.962,5.664,6.074,6.437,
시가평가 4사평균 세아제강지주,IR,BONDAV400303,공모/무보증A0,20260318,3.063,3.116,3.258,3.489,3.738,4.03,4.067,4.359,4.651,5.091,5.296,5.998,6.339,6.71,
시가평가 4사평균 세아창원특수강,IR,BONDAV403243,공모/무보증A+,20260318,2.986,3.03,3.138,3.361,3.586,3.856,3.893,4.136,4.3,4.59,4.777,5.497,5.909,6.259,
시가평가 4사평균 세아홀딩스,IR,BONDAV412468,공모/무보증A0,20260318,3.04,3.098,3.225,3.463,3.701,3.948,4.029,4.302,4.611,5.023,5.208,5.929,6.284,6.653,
시가평가 4사평균 세종도시교통공사,IR,BONDAV476672,공사/공단채AA+,20260318,2.865,2.906,2.96,3.062,3.247,3.494,3.547,3.709,3.77,3.909,3.94,4.029,4.062,4.12,
시가평가 4사평균 수협은행,IR,BONDAV419327,은행채AAA,20260318,2.797,2.842,2.864,2.973,3.225,3.36,3.405,3.591,3.652,3.819,3.829,4.046,4.219,4.353,
시가평가 4사평균 수협중앙회,IR,BONDAV403523,공사/공단채AAA,20260318,2.85,2.901,2.947,3.058,3.24,3.453,3.485,3.643,3.684,3.809,3.806,3.847,3.864,3.876,3.747
시가평가 4사평균 스탠다드차타드은행,IR,BONDAV400011,은행채AAA,20260318,2.803,2.85,2.875,2.984,3.235,3.368,3.412,3.598,3.659,3.826,3.84,4.055,4.24,4.37,
시가평가 4사평균 신세계,IR,BONDAV400417,공모/무보증AA0,20260318,2.909,2.948,2.996,3.184,3.336,3.515,3.536,3.701,3.756,3.886,3.972,4.598,5.076,5.358,
시가평가 4사평균 신세계센트럴,IR,BONDAV441440,공모/무보증AA-,20260318,2.962,3.003,3.06,3.248,3.406,3.612,3.633,3.809,3.876,4.026,4.189,5.012,5.616,5.952,
시가평가 4사평균 신세계푸드,IR,BONDAV403144,공모/무보증A+,20260318,2.968,3.011,3.115,3.326,3.538,3.799,3.82,4.019,4.273,4.624,4.816,5.528,5.952,6.309,
시가평가 4사평균 신한은행,IR,BONDAV400001,은행채AAA,20260318,2.793,2.838,2.86,2.968,3.219,3.352,3.396,3.582,3.642,3.81,3.825,4.042,4.213,4.349,
시가평가 4사평균 신한자산신탁,IR,BONDAV444569,공모/무보증A-,20260318,5.184,5.259,5.423,5.664,5.967,6.283,6.415,6.795,7.138,7.672,7.798,8.476,8.794,9.155,
시가평가 4사평균 신한지주,IR,BONDAV405773,공모/무보증AAA,20260318,2.868,2.914,2.952,3.126,3.281,3.459,3.482,3.624,3.674,3.799,3.819,4.07,4.261,4.518,
시가평가 4사평균 신한카드,IR,BONDAV403271,카드채AA+,20260318,2.925,2.943,2.981,3.185,3.367,3.605,3.61,3.806,3.83,3.879,4.154,4.985,5.357,5.64,
시가평가 4사평균 신한캐피탈,IR,BONDAV402378,기타금융채AA-,20260318,2.943,2.963,3.017,3.228,3.4,3.637,3.646,3.866,3.926,4.078,4.505,5.306,5.683,5.982,
시가평가 4사평균 신한투자증권,IR,BONDAV400867,공모/무보증AA0,20260318,2.956,2.993,3.047,3.232,3.39,3.584,3.612,3.778,3.888,4.05,4.14,4.798,5.302,5.583,
시가평가 4사평균 쌍용씨앤이,IR,BONDAV400341,공모/무보증A-,20260318,3.683,3.765,3.932,4.188,4.484,4.84,4.986,5.329,5.668,6.162,6.293,6.997,7.315,7.706,
시가평가 4사평균 아이비케이캐피탈,IR,BONDAV404016,기타금융채AA-,20260318,2.945,2.958,3.004,3.206,3.38,3.617,3.619,3.837,3.882,4.002,4.448,5.249,5.645,5.934,
시가평가 4사평균 아이엠뱅크,IR,BONDAV400527,은행채AAA,20260318,2.807,2.851,2.873,2.982,3.234,3.369,3.413,3.598,3.66,3.828,3.84,4.056,4.236,4.371,
시가평가 4사평균 아이엠캐피탈,IR,BONDAV442411,기타금융채AA-,20260318,2.982,3.062,3.114,3.317,3.513,3.793,3.84,4.079,4.134,4.289,4.728,5.526,5.917,6.226,
시가평가 4사평균 안산도시공사,IR,BONDAV469301,공사/공단채AA0,20260318,2.961,3.007,3.07,3.188,3.41,3.661,3.733,3.908,3.977,4.127,4.179,4.274,4.333,4.382,
시가평가 4사평균 안양도시공사,IR,BONDAV475809,공사/공단채AA0,20260318,2.88,2.943,3.005,3.114,3.344,3.586,3.666,3.813,3.862,4.008,4.069,4.147,4.241,4.279,
시가평가 4사평균 알씨아이파이낸셜,IR,BONDAV418034,기타금융채A+,20260318,3.054,3.218,3.295,3.433,3.619,3.975,4.117,4.459,4.844,5.12,5.316,5.908,6.121,6.351,
시가평가 4사평균 애큐온캐피탈,IR,BONDAV411884,기타금융채A0,20260318,3.864,4.099,4.238,4.388,4.588,5.022,5.211,5.63,5.901,6.137,6.199,6.681,6.88,7.047,
시가평가 4사평균 에스엘엘중앙,IR,BONDAV460866,공모/무보증BBB0,20260318,5.103,5.666,6.171,6.584,7.299,8.052,8.442,8.831,9.029,9.276,9.321,9.754,10.153,10.586,
시가평가 4사평균 에스케이스페셜티,IR,BONDAV466104,공모/무보증A0,20260318,2.978,3.016,3.122,3.356,3.598,3.873,3.951,4.25,4.536,4.95,5.156,5.884,6.259,6.622,
시가평가 4사평균 에스케이어드밴스드,IR,BONDAV446226,공모/무보증BBB+,20260318,4.454,4.88,5.331,5.664,6.385,7.161,7.425,7.858,8.075,8.324,8.365,8.757,8.997,9.396,
시가평가 4사평균 에스케이에코플랜트,IR,BONDAV400334,공모/무보증A-,20260318,3.689,3.768,3.934,4.171,4.719,5.054,5.193,5.527,5.871,6.377,6.503,7.21,7.565,7.956,
시가평가 4사평균 에스케이온,IR,BONDAV465484,공모/무보증A+,20260318,3.45,3.498,3.624,3.847,4.097,4.395,4.454,4.687,4.897,5.237,5.417,6.118,6.519,6.884,
시가평가 4사평균 에스케이인천석유화학,IR,BONDAV443076,공모/무보증A+,20260318,3.316,3.365,3.495,3.737,3.989,4.307,4.403,4.727,4.945,5.284,5.459,6.148,6.555,6.919,
시가평가 4사평균 에이치디현대오일뱅크,IR,BONDAV400405,공모/무보증AA-,20260318,2.955,2.996,3.053,3.229,3.372,3.566,3.582,3.757,3.817,3.93,4.012,4.66,5.247,5.574,
시가평가 4사평균 에코비트,IR,BONDAV459021,공모/무보증A+,20260318,3.076,3.123,3.232,3.454,3.684,3.957,4.003,4.226,4.442,4.783,4.961,5.663,6.069,6.432,
시가평가 4사평균 에코프로,IR,BONDAV410766,공모/무보증BBB+,20260318,3.734,4,4.374,4.697,5.146,5.78,5.978,6.411,6.637,6.914,6.989,7.56,7.772,8.176,
시가평가 4사평균 에코프로비엠,IR,BONDAV453563, , , , , , , , , , , , , , , , ,
시가평가 4사평균 엔씨소프트,IR,BONDAV412699,공모/무보증AA-,20260318,3.005,3.043,3.104,3.293,3.449,3.656,3.676,3.848,3.911,4.074,4.226,4.99,5.654,5.989,
시가평가 4사평균 엔에이치농협캐피탈,IR,BONDAV413844,기타금융채AA-,20260318,2.958,2.98,3.036,3.232,3.399,3.644,3.661,3.881,3.944,4.082,4.511,5.312,5.71,6.006,
시가평가 4사평균 엘에스엠트론,IR,BONDAV413785,공모/무보증A0,20260318,3.018,3.076,3.194,3.425,3.659,3.908,3.951,4.217,4.504,4.918,5.099,5.816,6.116,6.478,
시가평가 4사평균 엘에스일렉트릭,IR,BONDAV401012,공모/무보증AA-,20260318,2.916,2.952,3,3.179,3.331,3.511,3.523,3.683,3.744,3.886,4.061,4.883,5.499,5.83,
시가평가 4사평균 엘에스전선,IR,BONDAV413784,공모/무보증A+,20260318,2.945,2.985,3.073,3.272,3.462,3.692,3.708,3.899,4.127,4.467,4.642,5.34,5.745,6.109,
시가평가 4사평균 엠지캐피탈,IR,BONDAV403839,기타금융채A0,20260318,3.819,4.062,4.205,4.352,4.553,4.982,5.204,5.605,5.898,6.145,6.202,6.685,6.894,7.065,
시가평가 4사평균 여수광양항만공사,IR,BONDAV403936,공사/공단채AAA,20260318,2.824,2.87,2.91,3.022,3.204,3.427,3.479,3.637,3.687,3.825,3.842,3.884,3.9,3.914,3.785
시가평가 4사평균 여천NCC,IR,BONDAV404223,공모/무보증A-,20260318,3.953,4.036,4.212,4.493,4.816,5.199,5.346,5.7,6.006,6.44,6.57,7.275,7.635,8.043,
시가평가 4사평균 연합자산관리,IR,BONDAV417733,공모/무보증AA0,20260318,2.986,3.024,3.08,3.27,3.422,3.591,3.604,3.768,3.817,3.937,4.021,4.668,5.176,5.464,
시가평가 4사평균 예금보험공사,IR,BONDAV403938,공사/공단채정부보증,20260318,2.727,2.751,2.779,2.874,3.074,3.293,3.317,3.452,3.511,3.7,3.699,3.739,3.756,3.763,
시가평가 4사평균 예스코,IR,BONDAV455545,공모/무보증AA-,20260318,2.99,3.032,3.081,3.273,3.431,3.645,3.669,3.847,3.921,4.09,4.266,5.061,5.703,6.033,
시가평가 4사평균 오일허브코리아여수,IR,BONDAV419832,공모/무보증A+,20260318,2.959,2.994,3.092,3.297,3.491,3.74,3.812,4.033,4.24,4.515,4.668,5.355,5.72,6.059,
시가평가 4사평균 용인도시공사,IR,BONDAV417577,공사/공단채AA0,20260318,2.977,3.027,3.092,3.208,3.427,3.681,3.755,3.929,3.992,4.137,4.184,4.277,4.343,4.391,
시가평가 4사평균 우리금융에프앤아이,IR,BONDAV467631,공모/무보증A0,20260318,3.109,3.174,3.312,3.54,3.77,4.011,4.056,4.32,4.637,5.054,5.246,5.965,6.339,6.708,
시가평가 4사평균 우리금융지주,IR,BONDAV458210,공모/무보증AAA,20260318,2.872,2.914,2.947,3.121,3.28,3.455,3.477,3.621,3.684,3.824,3.851,4.105,4.286,4.548,
시가평가 4사평균 우리금융캐피탈,IR,BONDAV403366,기타금융채AA-,20260318,2.956,2.98,3.033,3.24,3.417,3.649,3.657,3.884,3.955,4.119,4.544,5.34,5.712,5.995,
시가평가 4사평균 우리은행,IR,BONDAV403946,은행채AAA,20260318,2.793,2.838,2.86,2.968,3.219,3.352,3.396,3.582,3.642,3.81,3.825,4.042,4.213,4.349,
시가평가 4사평균 우리카드,IR,BONDAV442147,카드채AA0,20260318,2.938,2.956,2.99,3.194,3.385,3.616,3.618,3.836,3.862,4.021,4.339,5.12,5.503,5.787,
시가평가 4사평균 울산도시공사,IR,BONDAV413988,공사/공단채AA+,20260318,2.856,2.9,2.954,3.056,3.245,3.492,3.55,3.713,3.77,3.912,3.946,4.035,4.071,4.122,
시가평가 4사평균 울산항만공사,IR,BONDAV441543,공사/공단채AAA,20260318,2.795,2.836,2.876,2.988,3.168,3.393,3.437,3.594,3.639,3.769,3.778,3.82,3.834,3.848,3.716
시가평가 4사평균 유안타증권,IR,BONDAV400347,공모/무보증AA-,20260318,3.091,3.134,3.204,3.397,3.561,3.768,3.823,4.063,4.162,4.331,4.511,5.334,5.964,6.309,
시가평가 4사평균 이랜드월드,IR,BONDAV404053,공모/무보증BBB0,20260318,4.807,5.376,5.906,6.353,7.069,7.955,8.345,8.779,8.994,9.237,9.269,9.701,10.009,10.443,
시가평가 4사평균 이마트,IR,BONDAV418667,공모/무보증AA-,20260318,3.021,3.061,3.119,3.309,3.471,3.674,3.696,3.868,3.962,4.152,4.438,5.245,5.862,6.187,
시가평가 4사평균 이지스레지던스리츠,IR,BONDAV470126,공모/무보증A-,20260318,4.665,4.742,4.98,5.323,5.656,5.969,6.12,6.467,6.806,7.3,7.431,8.123,8.467,8.828,
시가평가 4사평균 이지스자산운용,IR,BONDAV455395,공모/무보증A-,20260318,5.098,5.212,5.447,5.786,6.115,6.452,6.566,6.911,7.248,7.744,7.874,8.576,8.918,9.318,
시가평가 4사평균 인천교통공사,IR,BONDAV450879,공사/공단채AA+,20260318,2.864,2.909,2.959,3.06,3.246,3.492,3.547,3.709,3.774,3.921,3.959,4.048,4.089,4.135,
시가평가 4사평균 인천국제공항공사,IR,BONDAV403937,공사/공단채AAA,20260318,2.809,2.855,2.896,3.008,3.19,3.414,3.457,3.613,3.656,3.789,3.817,3.867,3.884,3.9,3.772
시가평가 4사평균 인천도시공사,IR,BONDAV408573,공사/공단채AA+,20260318,2.813,2.853,2.905,3.004,3.189,3.431,3.487,3.646,3.723,3.867,3.959,4.053,4.099,4.148,
시가평가 4사평균 인천항만공사,IR,BONDAV414727,공사/공단채AAA,20260318,2.814,2.861,2.908,3.022,3.206,3.434,3.478,3.639,3.687,3.816,3.822,3.86,3.877,3.888,3.758
시가평가 4사평균 전남개발공사,IR,BONDAV412455,공사/공단채AA+,20260318,2.842,2.886,2.94,3.048,3.222,3.472,3.531,3.693,3.747,3.896,3.929,4.011,4.049,4.084,
시가평가 4사평균 전북은행,IR,BONDAV400635,은행채AA+,20260318,2.815,2.865,2.887,3.015,3.288,3.44,3.484,3.657,3.719,3.881,3.904,4.122,4.354,4.544,
시가평가 4사평균 제이알글로벌리츠,IR,BONDAV465154,공모/무보증A-,20260318,4.788,5.047,5.438,5.836,6.322,6.701,6.809,7.154,7.495,7.984,8.108,8.651,8.79,9.183,
시가평가 4사평균 제이티비씨,IR,BONDAV451254,공모/무보증BBB0,20260318,5.315,5.911,6.398,6.777,7.42,8.199,8.569,9.02,9.238,9.485,9.53,9.963,10.301,10.751,
시가평가 4사평균 제주은행,IR,BONDAV400622,은행채AA+,20260318,2.82,2.868,2.899,3.019,3.293,3.446,3.489,3.665,3.727,3.899,3.913,4.137,4.375,4.557,
시가평가 4사평균 종근당,IR,BONDAV444051,공모/무보증AA-,20260318,3.027,3.069,3.138,3.328,3.489,3.695,3.725,3.893,3.974,4.136,4.297,5.109,5.731,6.072,
시가평가 4사평균 종근당홀딩스,IR,BONDAV400163,공모/무보증A+,20260318,3.048,3.08,3.209,3.442,3.701,3.979,4.087,4.349,4.55,4.892,5.095,5.768,6.169,6.487,
시가평가 4사평균 주택도시보증공사,IR,BONDAV403832,공사/공단채AAA,20260318,2.817,2.841,2.88,3.018,3.196,3.424,3.465,3.612,3.651,3.78,3.786,3.797,3.823,3.854,3.723
시가평가 4사평균 중소벤처기업진흥공단,IR,BONDAV403934,공사/공단채AAA,20260318,2.744,2.792,2.829,2.939,3.121,3.344,3.386,3.541,3.591,3.722,3.735,3.778,3.803,3.818,3.679
시가평가 4사평균 중앙일보,IR,BONDAV403004,공모/무보증BBB0,20260318,4.427,4.935,5.453,5.844,6.634,7.397,7.787,8.231,8.449,8.696,8.741,9.174,9.496,9.929,
시가평가 4사평균 지에스에너지,IR,BONDAV419765,공모/무보증AA0,20260318,2.898,2.933,2.981,3.162,3.305,3.476,3.497,3.661,3.703,3.81,3.89,4.485,4.967,5.251,
시가평가 4사평균 지에스이앤알,IR,BONDAV409197,공모/무보증A+,20260318,3.095,3.136,3.245,3.471,3.704,3.974,4.028,4.252,4.447,4.69,4.898,5.602,6.004,6.366,
시가평가 4사평균 지에스이피에스,IR,BONDAV403954,공모/무보증AA0,20260318,2.939,2.974,3.027,3.216,3.371,3.557,3.581,3.744,3.792,3.895,3.962,4.555,5.061,5.359,
시가평가 4사평균 지역난방공사,IR,BONDAV408683,공사/공단채AAA,20260318,2.772,2.817,2.857,2.967,3.152,3.37,3.407,3.56,3.6,3.727,3.744,3.793,3.813,3.838,3.707
시가평가 4사평균 충북개발공사,IR,BONDAV412544,공사/공단채AA+,20260318,2.837,2.877,2.929,3.028,3.213,3.461,3.52,3.689,3.757,3.902,3.939,4.026,4.064,4.115,
시가평가 4사평균 충청남도개발공사,IR,BONDAV413509,공사/공단채AA+,20260318,2.863,2.906,2.964,3.066,3.262,3.526,3.578,3.739,3.794,3.936,3.97,4.059,4.099,4.145,
시가평가 4사평균 컴투스,IR,BONDAV413029,공모/무보증A-,20260318,3.284,3.329,3.498,3.744,4.037,4.313,4.415,4.795,5.138,5.672,5.798,6.476,6.794,7.155,
시가평가 4사평균 케이비카드,IR,BONDAV418497,카드채AA+,20260318,2.925,2.943,2.981,3.185,3.367,3.605,3.61,3.806,3.83,3.879,4.154,4.985,5.357,5.64,
시가평가 4사평균 케이씨씨,IR,BONDAV400238,공모/무보증AA-,20260318,3.03,3.072,3.13,3.319,3.487,3.696,3.726,3.909,4.019,4.224,4.419,5.235,5.841,6.184,
시가평가 4사평균 케이씨씨글라스,IR,BONDAV460359,공모/무보증AA-,20260318,3.062,3.104,3.164,3.355,3.517,3.725,3.746,3.932,4.005,4.171,4.348,5.162,5.787,6.124,
시가평가 4사평균 케이카캐피탈,IR,BONDAV460658,기타금융채BBB+,20260318,4.422,4.879,5.134,5.258,5.5,6.206,6.532,6.955,7.113,7.33,7.36,7.862,8.079,8.357,
시가평가 4사평균 케이티,IR,BONDAV403020,공모/무보증AAA,20260318,2.861,2.895,2.933,3.113,3.272,3.446,3.457,3.594,3.633,3.736,3.756,3.908,4.056,4.266,
시가평가 4사평균 케이티스카이라이프,IR,BONDAV406212,공모/무보증AA-,20260318,2.995,3.034,3.09,3.279,3.435,3.639,3.659,3.823,3.877,4.024,4.211,5.042,5.658,5.994,
시가평가 4사평균 케이티앤지,IR,BONDAV403378,공모/무보증AAA,20260318,2.853,2.894,2.933,3.116,3.28,3.464,3.488,3.636,3.688,3.816,3.838,4.079,4.264,4.508,
시가평가 4사평균 코리아세븐,IR,BONDAV403100,공모/무보증A0,20260318,3.352,3.417,3.576,3.853,4.108,4.424,4.54,4.87,5.156,5.559,5.748,6.462,6.826,7.182,
시가평가 4사평균 코리아에너지터미널,IR,BONDAV466525,공모/무보증AA-,20260318,3.067,3.107,3.166,3.357,3.525,3.725,3.745,3.917,4.035,4.214,4.393,5.219,5.857,6.2,
시가평가 4사평균 코오롱인더,IR,BONDAV416280,공모/무보증A0,20260318,3.028,3.092,3.222,3.46,3.684,3.952,4.011,4.284,4.587,5,5.182,5.899,6.251,6.607,
시가평가 4사평균 코웨이,IR,BONDAV402124,공모/무보증AA-,20260318,2.987,3.026,3.084,3.27,3.427,3.617,3.637,3.812,3.882,4.046,4.232,5.048,5.667,6.012,
시가평가 4사평균 콘텐트리중앙,IR,BONDAV405740, , , , , , , , , , , , , , , , ,
시가평가 4사평균 키움에프앤아이,IR,BONDAV466688,공모/무보증A-,20260318,3.328,3.396,3.552,3.782,4.061,4.339,4.437,4.741,5.085,5.59,5.725,6.427,6.761,7.181,
시가평가 4사평균 키움증권,IR,BONDAV404364,공모/무보증AA0,20260318,2.996,3.036,3.092,3.282,3.445,3.638,3.658,3.823,3.886,4.046,4.166,4.853,5.396,5.694,
시가평가 4사평균 키움캐피탈,IR,BONDAV457020,기타금융채A-,20260318,3.922,4.196,4.242,4.381,4.528,4.999,5.334,5.743,6.094,6.322,6.386,6.871,7.072,7.257,
시가평가 4사평균 통영에코파워,IR,BONDAV467858,공모/무보증A+,20260318,3.031,3.079,3.193,3.416,3.648,3.916,3.924,4.111,4.342,4.682,4.862,5.563,5.975,6.339,
시가평가 4사평균 파라다이스,IR,BONDAV403916,공모/무보증A0,20260318,2.943,2.986,3.113,3.339,3.588,3.868,3.862,4.087,4.383,4.821,5.021,5.728,6.079,6.453,
시가평가 4사평균 파르나스호텔(주),IR,BONDAV401860,공모/무보증A+,20260318,3.001,3.044,3.157,3.385,3.62,3.906,3.908,4.109,4.297,4.64,4.852,5.571,5.983,6.338,
시가평가 4사평균 파주에너지서비스 주식회사,IR,BONDAV447315,공모/무보증AA-,20260318,3.114,3.156,3.215,3.405,3.569,3.781,3.812,4.025,4.112,4.294,4.478,5.29,5.892,6.204,
시가평가 4사평균 판토스,IR,BONDAV401191,공모/무보증AA-,20260318,3.015,3.046,3.11,3.311,3.465,3.674,3.677,3.85,3.882,4.008,4.208,5.062,5.652,5.985,
시가평가 4사평균 팜한농,IR,BONDAV417445,공모/무보증A0,20260318,2.963,3.022,3.147,3.383,3.63,3.909,3.943,4.179,4.423,4.776,4.966,5.676,5.994,6.363,
시가평가 4사평균 팬오션,IR,BONDAV402867,공모/무보증A0,20260318,2.989,3.039,3.188,3.427,3.675,3.972,4.039,4.358,4.655,5.082,5.293,5.961,6.294,6.605,
시가평가 4사평균 평택도시공사,IR,BONDAV416253,공사/공단채AA0,20260318,2.852,2.895,2.963,3.088,3.302,3.554,3.637,3.819,3.889,4.04,4.093,4.189,4.253,4.307,
시가평가 4사평균 평택에너지앤파워,IR,BONDAV417519,공모/무보증A0,20260318,3.312,3.374,3.512,3.753,4.005,4.285,4.311,4.548,4.856,5.271,5.461,6.184,6.542,6.907,
시가평가 4사평균 포스코,IR,BONDAV466748,공모/무보증AA+,20260318,2.89,2.927,2.981,3.161,3.299,3.493,3.513,3.668,3.713,3.823,3.851,4.254,4.512,4.769,
시가평가 4사평균 포스코이앤씨,IR,BONDAV402510,공모/무보증A+,20260318,3.198,3.24,3.354,3.582,3.832,4.123,4.214,4.453,4.641,4.955,5.123,5.835,6.245,6.596,
시가평가 4사평균 포스코인터내셔널,IR,BONDAV406535,공모/무보증AA-,20260318,2.969,3.004,3.066,3.253,3.397,3.585,3.593,3.748,3.815,3.975,4.149,4.974,5.586,5.925,
시가평가 4사평균 포스코퓨처엠,IR,BONDAV400367,공모/무보증AA-,20260318,3.007,3.047,3.109,3.297,3.456,3.663,3.676,3.849,3.915,4.076,4.236,5.039,5.641,5.957,
시가평가 4사평균 폭스바겐파이낸셜,IR,BONDAV445790,기타금융채A+,20260318,2.979,3.146,3.222,3.356,3.545,3.91,4.041,4.412,4.728,4.985,5.175,5.768,5.951,6.208,
시가평가 4사평균 풀무원식품,IR,BONDAV413827,공모/무보증BBB+,20260318,3.546,3.739,4.11,4.42,4.771,5.473,5.784,6.143,6.358,6.596,6.757,7.146,7.46,7.856,
시가평가 4사평균 풍산,IR,BONDAV413768,공모/무보증A+,20260318,2.998,3.058,3.162,3.376,3.597,3.842,3.87,4.114,4.325,4.689,4.872,5.585,6.015,6.371,
시가평가 4사평균 하나금융지주,IR,BONDAV411118,공모/무보증AAA,20260318,2.872,2.914,2.951,3.128,3.288,3.461,3.486,3.624,3.676,3.802,3.853,4.111,4.298,4.549,
시가평가 4사평균 하나에프앤아이,IR,BONDAV402508,공모/무보증A+,20260318,3.066,3.111,3.212,3.431,3.659,3.881,3.911,4.127,4.357,4.708,4.896,5.594,5.995,6.359,
시가평가 4사평균 하나은행,IR,BONDAV400494,은행채AAA,20260318,2.793,2.838,2.86,2.968,3.219,3.352,3.396,3.582,3.642,3.81,3.825,4.042,4.213,4.349,
시가평가 4사평균 하나증권,IR,BONDAV403075,공모/무보증AA0,20260318,3.045,3.084,3.14,3.33,3.502,3.701,3.726,3.896,3.964,4.102,4.185,4.811,5.319,5.601,
시가평가 4사평균 하나카드,IR,BONDAV446225,카드채AA0,20260318,2.938,2.956,2.99,3.194,3.385,3.616,3.618,3.836,3.862,4.021,4.339,5.12,5.503,5.787,
시가평가 4사평균 하나캐피탈,IR,BONDAV401980,기타금융채AA-,20260318,2.949,2.967,3.015,3.218,3.392,3.62,3.632,3.856,3.913,4.065,4.482,5.275,5.667,5.964,
시가평가 4사평균 하남도시공사,IR,BONDAV419305,공사/공단채AA0,20260318,2.886,2.927,2.998,3.123,3.361,3.637,3.736,3.909,3.964,4.112,4.164,4.256,4.315,4.362,
시가평가 4사평균 하림지주,IR,BONDAV400338,공모/무보증A-,20260318,3.763,3.843,4.012,4.265,4.574,4.897,5.063,5.447,5.791,6.287,6.418,7.127,7.485,7.888,
시가평가 4사평균 하이트진로,IR,BONDAV400008,공모/무보증A+,20260318,2.941,2.983,3.077,3.292,3.497,3.744,3.769,3.954,4.165,4.468,4.642,5.345,5.752,6.109,
시가평가 4사평균 하이트진로홀딩스,IR,BONDAV400014,공모/무보증A0,20260318,3.06,3.126,3.254,3.481,3.72,3.969,4.044,4.334,4.671,5.094,5.293,6.022,6.352,6.715,
시가평가 4사평균 한국가스공사,IR,BONDAV403776,공사/공단채AAA,20260318,2.816,2.862,2.901,3.016,3.194,3.415,3.46,3.616,3.663,3.791,3.801,3.851,3.864,3.877,3.742
시가평가 4사평균 한국공항공사,IR,BONDAV461461,공사/공단채AAA,20260318,2.817,2.86,2.903,3.019,3.201,3.424,3.466,3.62,3.67,3.802,3.818,3.868,3.885,3.896,3.767
시가평가 4사평균 한국금융지주,IR,BONDAV407267,공모/무보증AA-,20260318,3.107,3.157,3.22,3.427,3.599,3.836,3.862,4.042,4.112,4.272,4.451,5.275,5.889,6.227,
시가평가 4사평균 한국남동발전,IR,BONDAV406432,공모/무보증AAA,20260318,2.921,2.967,3.009,3.194,3.358,3.539,3.558,3.704,3.756,3.882,3.872,4.08,4.243,4.466,
시가평가 4사평균 한국남부발전,IR,BONDAV406181,공모/무보증AAA,20260318,2.921,2.967,3.009,3.194,3.358,3.539,3.558,3.704,3.756,3.882,3.872,4.08,4.243,4.466,
시가평가 4사평균 한국도로공사,IR,BONDAV403920,공사/공단채AAA,20260318,2.772,2.817,2.859,2.972,3.148,3.382,3.431,3.593,3.642,3.768,3.761,3.82,3.81,3.792,3.638
시가평가 4사평균 한국동서발전,IR,BONDAV406508,공모/무보증AAA,20260318,2.921,2.967,3.009,3.194,3.358,3.539,3.558,3.704,3.756,3.882,3.872,4.08,4.243,4.466,
시가평가 4사평균 한국산업단지공단,IR,BONDAV413327,공사/공단채AAA,20260318,2.786,2.83,2.871,2.983,3.164,3.389,3.432,3.588,3.634,3.763,3.772,3.814,3.825,3.841,3.707
시가평가 4사평균 한국서부발전,IR,BONDAV405536,공모/무보증AAA,20260318,2.921,2.967,3.009,3.194,3.358,3.539,3.558,3.704,3.756,3.882,3.872,4.08,4.243,4.466,
시가평가 4사평균 한국석유공사,IR,BONDAV404324,공사/공단채AAA,20260318,2.784,2.826,2.866,2.98,3.161,3.385,3.429,3.585,3.63,3.761,3.768,3.809,3.819,3.837,3.701
시가평가 4사평균 한국수력원자력,IR,BONDAV405537,공모/무보증AAA,20260318,2.873,2.917,2.958,3.134,3.293,3.454,3.476,3.617,3.664,3.762,3.769,3.833,3.983,4.223,
시가평가 4사평균 한국수자원공사,IR,BONDAV452517,공사/공단채AAA,20260318,2.776,2.82,2.862,2.972,3.147,3.38,3.428,3.589,3.638,3.766,3.759,3.803,3.796,3.791,3.642
시가평가 4사평균 한국수출입은행,IR,BONDAV403430,은행채AAA,20260318,2.772,2.812,2.83,2.921,3.159,3.306,3.331,3.494,3.546,3.722,3.711,3.948,4.115,4.246,
시가평가 4사평균 한국씨티은행,IR,BONDAV401683,은행채AA+,20260318,2.794,2.845,2.861,2.966,3.268,3.413,3.456,3.631,3.69,3.87,3.896,4.121,4.351,4.527,
시가평가 4사평균 한국자산관리공사,IR,BONDAV403602,공사/공단채AAA,20260318,2.754,2.795,2.835,2.948,3.125,3.35,3.392,3.549,3.591,3.713,3.747,3.804,3.823,3.84,3.708
시가평가 4사평균 한국자산신탁,IR,BONDAV418540,공모/무보증A0,20260318,4.298,4.377,4.532,4.87,5.256,5.629,5.749,6.052,6.321,6.736,6.926,7.64,7.911,8.265,
시가평가 4사평균 한국장학재단,IR,BONDAV414957,공사/공단채정부보증,20260318,2.727,2.751,2.779,2.874,3.074,3.293,3.317,3.452,3.511,3.7,3.699,3.739,3.754,3.763,2.337
시가평가 4사평균 한국전력공사,IR,BONDAV401576,공사/공단채AAA,20260318,2.821,2.864,2.907,3.013,3.198,3.416,3.469,3.618,3.682,3.815,3.854,3.929,3.96,3.975,3.837
시가평가 4사평균 한국주택금융공사,IR,BONDAV408918,공사/공단채AAA,20260318,2.765,2.807,2.845,2.961,3.142,3.357,3.391,3.544,3.591,3.727,3.755,3.812,3.825,3.841,3.707
시가평가 4사평균 한국중부발전,IR,BONDAV406531,공모/무보증AAA,20260318,2.921,2.967,3.009,3.194,3.358,3.539,3.558,3.704,3.756,3.882,3.872,4.08,4.243,4.466,
시가평가 4사평균 한국증권금융,IR,BONDAV402882,공모/무보증AAA,20260318,2.888,2.932,2.973,3.149,3.307,3.484,3.504,3.647,3.701,3.831,3.859,4.113,4.299,4.561,2.803
시가평가 4사평균 한국철도공사,IR,BONDAV410095,공사/공단채AAA,20260318,2.799,2.843,2.888,2.998,3.175,3.403,3.445,3.604,3.646,3.767,3.769,3.79,3.798,3.808,3.661
시가평가 4사평균 한국캐피탈,IR,BONDAV402376,기타금융채A0,20260318,3.681,3.924,4.065,4.215,4.334,4.75,5.027,5.435,5.669,5.905,5.959,6.443,6.631,6.811,
시가평가 4사평균 한국콜마,IR,BONDAV441365,공모/무보증A0,20260318,3.078,3.142,3.272,3.51,3.759,4.029,4.078,4.31,4.611,5.029,5.226,5.949,6.301,6.67,
시가평가 4사평균 한국타이어앤테크놀로지,IR,BONDAV440772,공모/무보증AA0,20260318,2.934,2.972,3.026,3.211,3.359,3.545,3.571,3.736,3.789,3.915,3.996,4.658,5.166,5.451,
시가평가 4사평균 한국토지신탁,IR,BONDAV403865,공모/무보증A-,20260318,4.721,4.84,5.11,5.45,5.878,6.326,6.42,6.741,7.036,7.54,7.664,8.364,8.688,9.091,
시가평가 4사평균 한국토지주택공사,IR,BONDAV415678,공사/공단채AAA,20260318,2.78,2.824,2.868,2.982,3.159,3.383,3.43,3.592,3.636,3.766,3.765,3.803,3.813,3.819,3.674
시가평가 4사평균 한국투자증권,IR,BONDAV403049,공모/무보증AA0,20260318,3.01,3.049,3.105,3.299,3.467,3.678,3.701,3.871,3.959,4.095,4.189,4.836,5.352,5.641,
시가평가 4사평균 한국투자캐피탈,IR,BONDAV446860,기타금융채A0,20260318,3.64,3.877,4.016,4.164,4.34,4.743,4.935,5.332,5.553,5.78,5.833,6.319,6.501,6.682,
시가평가 4사평균 한국항공우주,IR,BONDAV404139,공모/무보증AA-,20260318,2.981,3.022,3.08,3.267,3.422,3.624,3.637,3.793,3.856,3.997,4.181,4.999,5.621,5.964,
시가평가 4사평균 한국해양진흥공사,IR,BONDAV456490,공사/공단채AAA,20260318,2.786,2.83,2.871,2.983,3.162,3.384,3.428,3.586,3.631,3.76,3.77,3.81,3.809,3.823,3.68
시가평가 4사평균 한국해외인프라도시개발지원공사,IR,BONDAV460279,공사/공단채AAA,20260318,2.831,2.875,2.921,3.036,3.217,3.448,3.49,3.641,3.685,3.812,3.816,3.85,3.851,3.864,3.722
시가평가 4사평균 한솔제지,IR,BONDAV447104,공모/무보증A0,20260318,3.304,3.399,3.54,3.775,4.01,4.356,4.423,4.716,5.031,5.453,5.643,6.364,6.725,7.088,
시가평가 4사평균 한솔케미칼,IR,BONDAV401468,공모/무보증A+,20260318,2.976,3.011,3.099,3.315,3.533,3.777,3.834,4.034,4.252,4.549,4.722,5.433,5.829,6.152,
시가평가 4사평균 한솔테크닉스,IR,BONDAV400471,공모/무보증BBB+,20260318,2.972,3.149,3.384,3.616,4.011,4.613,4.924,5.35,5.585,5.839,5.883,6.413,6.57,6.966,
시가평가 4사평균 한온시스템,IR,BONDAV401888,공모/무보증AA-,20260318,3.279,3.321,3.401,3.637,3.816,4.051,4.141,4.375,4.45,4.65,4.808,5.627,6.234,6.569,
시가평가 4사평균 한일시멘트,IR,BONDAV456437,공모/무보증A+,20260318,3.129,3.161,3.29,3.523,3.772,4.05,4.052,4.314,4.427,4.769,4.972,5.645,6.046,6.364,
시가평가 4사평균 한진,IR,BONDAV400232,공모/무보증BBB+,20260318,2.967,3.11,3.266,3.477,3.852,4.38,4.469,4.868,5.326,5.61,5.66,6.089,6.372,6.776,
시가평가 4사평균 한진칼,IR,BONDAV443208,공모/무보증A-,20260318,3.046,3.146,3.307,3.533,3.829,4.129,4.255,4.549,4.893,5.391,5.523,6.224,6.583,6.993,
시가평가 4사평균 한화,IR,BONDAV400088,공모/무보증A+,20260318,2.946,2.988,3.098,3.314,3.506,3.75,3.803,4.026,4.231,4.531,4.714,5.417,5.814,6.177,
시가평가 4사평균 한화리츠,IR,BONDAV470517, , , , , , , , , , , , , , , , ,
시가평가 4사평균 한화비전,IR,BONDAV474697,공모/무보증A+,20260318,2.951,2.986,3.1,3.328,3.543,3.835,3.888,4.149,4.349,4.692,4.885,5.582,5.978,6.343,
시가평가 4사평균 한화솔루션,IR,BONDAV400983,공모/무보증AA-,20260318,3.154,3.221,3.291,3.489,3.689,3.895,3.913,4.09,4.176,4.371,4.556,5.377,5.989,6.327,
시가평가 4사평균 한화시스템,IR,BONDAV404227,공모/무보증AA0,20260318,2.939,2.976,3.031,3.215,3.371,3.565,3.579,3.746,3.806,3.95,4.067,4.726,5.234,5.524,
시가평가 4사평균 한화에너지,IR,BONDAV440015,공모/무보증A+,20260318,3.036,3.079,3.185,3.4,3.614,3.865,3.93,4.152,4.377,4.705,4.882,5.58,5.987,6.336,
시가평가 4사평균 한화에어로스페이스,IR,BONDAV401245,공모/무보증AA0,20260318,2.964,2.997,3.044,3.232,3.392,3.581,3.608,3.777,3.821,3.95,4.044,4.691,5.206,5.494,
시가평가 4사평균 한화오션,IR,BONDAV405533,공모/무보증A-,20260318,2.998,3.078,3.242,3.461,3.711,4.001,4.11,4.422,4.765,5.275,5.408,6.102,6.461,6.88,
시가평가 4사평균 한화토탈에너지스,IR,BONDAV407935,공모/무보증AA-,20260318,3.08,3.119,3.185,3.394,3.565,3.779,3.813,3.99,4.049,4.196,4.352,5.142,5.71,6.022,
시가평가 4사평균 한화투자증권,IR,BONDAV400353,공모/무보증AA-,20260318,3.202,3.247,3.316,3.507,3.68,3.899,3.952,4.134,4.241,4.426,4.613,5.434,6.071,6.414,
시가평가 4사평균 한화호텔앤드리조트,IR,BONDAV403904,공모/무보증A-,20260318,3.153,3.231,3.394,3.643,3.948,4.269,4.392,4.746,5.083,5.592,5.72,6.427,6.728,7.125,
시가평가 4사평균 해태제과식품,IR,BONDAV412432,공모/무보증A0,20260318,3.065,3.127,3.255,3.485,3.716,3.998,4.065,4.35,4.633,5.043,5.234,5.95,6.362,6.732,
시가평가 4사평균 현대건설,IR,BONDAV400072,공모/무보증AA-,20260318,3.056,3.094,3.159,3.348,3.509,3.716,3.74,3.912,3.959,4.102,4.232,4.964,5.571,5.914,
시가평가 4사평균 현대글로비스,IR,BONDAV406753,공모/무보증AA+,20260318,2.906,2.95,3,3.182,3.338,3.538,3.549,3.707,3.758,3.877,3.939,4.365,4.647,4.914,
시가평가 4사평균 현대로템,IR,BONDAV406235,공모/무보증A+,20260318,2.791,2.821,2.935,3.138,3.363,3.622,3.62,3.837,4.052,4.392,4.585,5.287,5.678,6.045,
시가평가 4사평균 현대모비스,IR,BONDAV401233,공모/무보증AA+,20260318,2.909,2.949,2.997,3.185,3.321,3.534,3.538,3.716,3.754,3.874,3.93,4.356,4.619,4.884,
시가평가 4사평균 현대백화점,IR,BONDAV405248,공모/무보증AA+,20260318,2.901,2.936,2.979,3.157,3.306,3.487,3.503,3.665,3.714,3.825,3.88,4.29,4.569,4.829,
시가평가 4사평균 현대비앤지스틸,IR,BONDAV400456,공모/무보증A0,20260318,3.078,3.142,3.271,3.498,3.741,4.027,4.105,4.397,4.704,5.1,5.294,6.021,6.372,6.74,
시가평가 4사평균 현대엘리베이터,IR,BONDAV401780,공모/무보증A0,20260318,3.19,3.259,3.412,3.656,3.926,4.236,4.315,4.607,4.874,5.27,5.468,6.195,6.549,6.918,
시가평가 4사평균 현대위아,IR,BONDAV401121,공모/무보증AA-,20260318,3.017,3.057,3.118,3.308,3.468,3.663,3.68,3.838,3.9,4.069,4.247,5.071,5.684,6.02,
시가평가 4사평균 현대자동차,IR,BONDAV400538,공모/무보증AAA,20260318,2.891,2.935,2.979,3.154,3.319,3.511,3.535,3.694,3.747,3.875,3.902,4.23,4.464,4.711,
시가평가 4사평균 현대제철,IR,BONDAV400402,공모/무보증AA0,20260318,2.963,2.999,3.044,3.23,3.372,3.559,3.572,3.722,3.773,3.864,3.977,4.501,4.896,5.178,
시가평가 4사평균 현대종합특수강,IR,BONDAV443515,공모/무보증A-,20260318,3.209,3.299,3.454,3.698,3.992,4.31,4.322,4.58,4.94,5.461,5.569,6.289,6.615,7.013,
시가평가 4사평균 현대지에프홀딩스,IR,BONDAV400544,공모/무보증AA+,20260318,2.946,2.984,3.042,3.228,3.378,3.589,3.596,3.776,3.812,3.922,3.978,4.42,4.679,4.934,
시가평가 4사평균 현대차증권,IR,BONDAV400150,공모/무보증AA-,20260318,3.342,3.399,3.455,3.655,3.815,4.032,4.068,4.24,4.314,4.483,4.662,5.468,6.108,6.438,
시가평가 4사평균 현대카드,IR,BONDAV403404,카드채AA+,20260318,2.933,2.952,2.99,3.195,3.377,3.613,3.619,3.814,3.837,3.886,4.165,5.015,5.39,5.673,
시가평가 4사평균 현대캐피탈,IR,BONDAV402988,기타금융채AA+,20260318,2.925,2.943,2.981,3.185,3.367,3.605,3.61,3.806,3.83,3.879,4.163,5.006,5.382,5.667,
시가평가 4사평균 현대커머셜,IR,BONDAV411987,기타금융채AA-,20260318,2.969,2.998,3.047,3.253,3.421,3.642,3.658,3.877,3.941,4.069,4.509,5.307,5.707,5.993,
시가평가 4사평균 현대케미칼,IR,BONDAV452666,공모/무보증A0,20260318,3.222,3.291,3.43,3.674,3.936,4.223,4.285,4.598,4.87,5.249,5.456,6.168,6.511,6.857,
시가평가 4사평균 현대케피코,IR,BONDAV403864,공모/무보증A+,20260318,2.985,3.03,3.143,3.36,3.588,3.844,3.893,4.107,4.345,4.717,4.899,5.614,6.017,6.374,
시가평가 4사평균 현대코퍼레이션,IR,BONDAV401176,공모/무보증A0,20260318,3.145,3.207,3.346,3.584,3.823,4.095,4.168,4.479,4.828,5.261,5.453,6.166,6.547,6.917,
시가평가 4사평균 현대코퍼레이션홀딩스,IR,BONDAV474963,공모/무보증A-,20260318,3.168,3.243,3.407,3.648,3.951,4.267,4.399,4.779,5.122,5.656,5.782,6.46,6.778,7.139,
시가평가 4사평균 현대트랜시스,IR,BONDAV403962,공모/무보증AA-,20260318,2.975,3.017,3.076,3.264,3.414,3.59,3.605,3.764,3.809,3.947,4.127,4.94,5.557,5.9,
시가평가 4사평균 호텔롯데,IR,BONDAV403654,공모/무보증AA-,20260318,3.265,3.309,3.371,3.56,3.72,3.921,3.943,4.112,4.192,4.354,4.419,5.015,5.517,5.807,
시가평가 4사평균 호텔신라,IR,BONDAV400877,공모/무보증AA-,20260318,3.051,3.091,3.151,3.348,3.511,3.731,3.785,3.998,4.124,4.301,4.452,5.226,5.824,6.155,
시가평가 4사평균 효성중공업,IR,BONDAV456216,공모/무보증A0,20260318,3.284,3.34,3.487,3.734,4.001,4.296,4.363,4.683,4.891,5.201,5.405,6.093,6.444,6.782,
시가평가 4사평균 효성티앤씨,IR,BONDAV456254,공모/무보증A+,20260318,3.076,3.119,3.232,3.46,3.7,3.995,4.143,4.502,4.674,5.012,5.185,5.906,6.298,6.64,
시가평가 4사평균 효성화학,IR,BONDAV456200, , , , , , , , , , , , , , , , ,
